{"chunk_definitions":[{"row":10,"row_count":1,"visible":true,"expansion_state":0,"options":{"engine":"r","label":"setup","include":false,"dev":"png"},"document_id":"BBE39C2B","chunk_id":"csetup_chunk","chunk_label":"setup"},{"row":20,"row_count":1,"visible":true,"expansion_state":0,"options":{"engine":"r","label":"load","include":false,"dev":"png"},"document_id":"BBE39C2B","chunk_id":"cyy0g4a2483ip","chunk_label":"load"}],"doc_write_time":1739357681,"working_dir":null,"default_chunk_options":{"echo":false,"message":false}}